file,format,dimensions,bytes
01_EXACT_MASTER/DigitalBurj_EXACT_Master.jpg,jpg,1774x887,883898
01_EXACT_MASTER/DigitalBurj_EXACT_Master.webp,webp,1774x887,786134
01_EXACT_MASTER/DigitalBurj_EXACT_Master_1774x887.png,png,1774x887,1842932
02_LOGO_LOCKUPS/DigitalBurj_Primary_Logo_Tagline.png,png,1637x385,404829
02_LOGO_LOCKUPS/DigitalBurj_Primary_Logo_Tagline.webp,webp,1637x385,287864
02_LOGO_LOCKUPS/DigitalBurj_Primary_Wordmark.png,png,1617x308,317412
02_LOGO_LOCKUPS/DigitalBurj_Primary_Wordmark.webp,webp,1617x308,224402
03_DIVISIONS/DigitalBurj_Academy_Icon.png,png,154x154,21540
03_DIVISIONS/DigitalBurj_Academy_Icon.webp,webp,154x154,15902
03_DIVISIONS/DigitalBurj_Academy_Lockup.png,png,539x216,106159
03_DIVISIONS/DigitalBurj_Academy_Lockup.webp,webp,539x216,73558
03_DIVISIONS/DigitalBurj_BusinessAI_Icon.png,png,149x164,24048
03_DIVISIONS/DigitalBurj_BusinessAI_Icon.webp,webp,149x164,18242
03_DIVISIONS/DigitalBurj_BusinessAI_Lockup.png,png,518x216,109626
03_DIVISIONS/DigitalBurj_BusinessAI_Lockup.webp,webp,518x216,76054
03_DIVISIONS/DigitalBurj_Studio_Icon.png,png,159x159,22225
03_DIVISIONS/DigitalBurj_Studio_Icon.webp,webp,159x159,16380
03_DIVISIONS/DigitalBurj_Studio_Lockup.png,png,513x216,100891
03_DIVISIONS/DigitalBurj_Studio_Lockup.webp,webp,513x216,69848
04_ECOSYSTEM/DigitalBurj_API_Integrations.png,png,200x148,24937
04_ECOSYSTEM/DigitalBurj_API_Integrations.webp,webp,200x148,16728
04_ECOSYSTEM/DigitalBurj_Admin.png,png,185x148,24040
04_ECOSYSTEM/DigitalBurj_Admin.webp,webp,185x148,15434
04_ECOSYSTEM/DigitalBurj_Documentation.png,png,195x148,24570
04_ECOSYSTEM/DigitalBurj_Documentation.webp,webp,195x148,16584
04_ECOSYSTEM/DigitalBurj_Identity.png,png,201x148,26483
04_ECOSYSTEM/DigitalBurj_Identity.webp,webp,201x148,16912
04_ECOSYSTEM/DigitalBurj_Jobs.png,png,190x148,24965
04_ECOSYSTEM/DigitalBurj_Jobs.webp,webp,190x148,16890
04_ECOSYSTEM/DigitalBurj_Status.png,png,180x148,22533
04_ECOSYSTEM/DigitalBurj_Status.webp,webp,180x148,14526
04_ECOSYSTEM/DigitalBurj_Support.png,png,190x148,21841
04_ECOSYSTEM/DigitalBurj_Support.webp,webp,190x148,14330
04_ECOSYSTEM/DigitalBurj_UnifiedWorkspace.png,png,210x148,28705
04_ECOSYSTEM/DigitalBurj_UnifiedWorkspace.webp,webp,210x148,19384
04_ECOSYSTEM/DigitalBurj_VerifiedTalent.png,png,164x148,25626
04_ECOSYSTEM/DigitalBurj_VerifiedTalent.webp,webp,164x148,17210
05_WEB_SOCIAL/LinkedIn_Cover_1128x191.png,png,1128x191,78159
05_WEB_SOCIAL/OpenGraph_1200x630.png,png,1200x630,603300
05_WEB_SOCIAL/Presentation_1920x1080.png,png,1920x1080,1262785
05_WEB_SOCIAL/Website_Hero_1920x960.png,png,1920x960,1258644
05_WEB_SOCIAL/X_Header_1500x500.png,png,1500x500,460213
05_WEB_SOCIAL/android-chrome-192x192.png,png,192x192,19938
05_WEB_SOCIAL/android-chrome-512x512.png,png,512x512,77775
05_WEB_SOCIAL/apple-touch-icon.png,png,180x180,17813
05_WEB_SOCIAL/favicon-app-1024.png,png,1024x1024,197757
05_WEB_SOCIAL/favicon-app-128.png,png,128x128,10417
05_WEB_SOCIAL/favicon-app-16.png,png,16x16,427
05_WEB_SOCIAL/favicon-app-180.png,png,180x180,17813
05_WEB_SOCIAL/favicon-app-192.png,png,192x192,19938
05_WEB_SOCIAL/favicon-app-256.png,png,256x256,30454
05_WEB_SOCIAL/favicon-app-32.png,png,32x32,1128
05_WEB_SOCIAL/favicon-app-48.png,png,48x48,2025
05_WEB_SOCIAL/favicon-app-512.png,png,512x512,77775
05_WEB_SOCIAL/favicon-app-64.png,png,64x64,3356
05_WEB_SOCIAL/favicon.ico,ico,48x48,4166
05_WEB_SOCIAL/site.webmanifest,webmanifest,,379
06_PRINT/DigitalBurj_EXACT_A4_Landscape_Proof.pdf,pdf,,1382818
06_PRINT/DigitalBurj_EXACT_Master.pdf,pdf,,1382793
README.md,md,,628
